{"VISrl": {"6": 0.22248520710059172, "5": 0.2863905325443787, "4": 0.1680473372781065, "23": 0.3230769230769231}, "ILA": {"6": 0.32803468208092484, "5": 0.43641618497109824, "4": 0.0, "23": 0.23554913294797689}, "TEa": {"6": 0.22892498066511988, "5": 0.36736272235112144, "4": 0.12026295436968291, "23": 0.2834493426140758}, "VISal": {"6": 0.21792890262751158, "5": 0.3044822256568779, "4": 0.16692426584234932, "23": 0.3106646058732612}, "VISli": {"6": 0.22142857142857142, "5": 0.3547619047619048, "4": 0.14047619047619048, "23": 0.2833333333333333}, "VISC": {"6": 0.2879453391898487, "5": 0.3513909224011713, "4": 0.09468033186920449, "23": 0.2659834065397755}, "SSp-tr": {"6": 0.2268557130942452, "5": 0.2944120100083403, "4": 0.12427022518765637, "23": 0.35446205170975814}, "ECT": {"6": 0.30975274725274726, "5": 0.36607142857142855, "4": 0.0, "23": 0.3241758241758242}, "VISpm": {"6": 0.2048611111111111, "5": 0.34953703703703703, "4": 0.10185185185185185, "23": 0.34375}, "VISpl": {"6": 0.1744186046511628, "5": 0.41362126245847175, "4": 0.059800664451827246, "23": 0.3521594684385382}, "AUDv": {"6": 0.2105606258148631, "5": 0.38852672750977835, "4": 0.13820078226857888, "23": 0.2627118644067797}, "VISp": {"6": 0.21386986301369862, "5": 0.2679794520547945, "4": 0.17397260273972603, "23": 0.3441780821917808}, "ACAd": {"6": 0.2976238421264599, "5": 0.5018123238018526, "4": 0.0, "23": 0.20056383407168749}, "AUDp": {"6": 0.19751693002257337, "5": 0.39954853273137697, "4": 0.1343115124153499, "23": 0.2686230248306998}, "ACAv": {"6": 0.2234607218683652, "5": 0.5610403397027601, "4": 0.0, "23": 0.21549893842887474}, "PERI": {"6": 0.13908450704225353, "5": 0.2834507042253521, "4": 0.0, "23": 0.5774647887323944}, "AIv": {"6": 0.11954331766286098, "5": 0.48354600402955006, "4": 0.0, "23": 0.39691067830758897}, "AIp": {"6": 0.2195, "5": 0.382, "4": 0.0, "23": 0.3985}, "MOs": {"6": 0.22736959140183452, "5": 0.41980913555082, "4": 0.0, "23": 0.3528212730473455}, "AUDd": {"6": 0.2102665350444225, "5": 0.33563672260612043, "4": 0.13129318854886476, "23": 0.3228035538005923}, "VISa": {"6": 0.22074688796680497, "5": 0.2929460580912863, "4": 0.12780082987551866, "23": 0.35850622406639004}, "AId": {"6": 0.25314128102972727, "5": 0.46490959239963225, "4": 0.0, "23": 0.28194912657064053}, "PL": {"6": 0.2562334217506631, "5": 0.5485411140583555, "4": 0.0, "23": 0.19522546419098144}, "SSp-ll": {"6": 0.2793974732750243, "5": 0.2725947521865889, "4": 0.1345966958211856, "23": 0.31341107871720114}, "GU": {"6": 0.3068545803971813, "5": 0.3433696348494555, "4": 0.0877642536835362, "23": 0.26201153106982705}, "ORBvl": {"6": 0.17642805495300073, "5": 0.45336225596529284, "4": 0.0, "23": 0.37020968908170643}, "AUDpo": {"6": 0.18661257606490872, "5": 0.36511156186612576, "4": 0.1643002028397566, "23": 0.2839756592292089}, "SSp-ul": {"6": 0.31041857622975866, "5": 0.2373968835930339, "4": 0.16101435991445157, "23": 0.2911701802627559}, "MOp": {"6": 0.30668922954409716, "5": 0.32540314553055943, "4": 0.0, "23": 0.3679076249253434}, "SSs": {"6": 0.2932330827067669, "5": 0.28364013481980815, "4": 0.151283380865958, "23": 0.27184340160746695}, "VISam": {"6": 0.24883359253499224, "5": 0.3545878693623639, "4": 0.09175738724727839, "23": 0.3048211508553655}, "FRP": {"6": 0.1550068587105624, "5": 0.5089163237311386, "4": 0.0, "23": 0.33607681755829905}, "ORBm": {"6": 0.2, "5": 0.48105263157894734, "4": 0.0, "23": 0.31894736842105265}, "ORBl": {"6": 0.22150814053127676, "5": 0.5132819194515853, "4": 0.0, "23": 0.26520994001713794}, "RSPv": {"6": 0.2018697049371896, "5": 0.4864154250657318, "4": 0.0, "23": 0.3117148699970786}, "RSPd": {"6": 0.26706827309236947, "5": 0.4036144578313253, "4": 0.0, "23": 0.3293172690763052}, "VISpor": {"6": 0.21150097465886938, "5": 0.36939571150097467, "4": 0.057504873294346975, "23": 0.361598440545809}, "SSp-un": {"6": 0.2898550724637681, "5": 0.2346014492753623, "4": 0.17300724637681159, "23": 0.302536231884058}, "SSp-bfd": {"6": 0.2636496885305973, "5": 0.2193111029681202, "4": 0.237449615243679, "23": 0.2795895932576035}, "RSPagl": {"6": 0.24683195592286503, "5": 0.4, "4": 0.0, "23": 0.353168044077135}, "VISl": {"6": 0.23260247855100094, "5": 0.3060057197330791, "4": 0.16968541468064824, "23": 0.2917063870352717}, "SSp-m": {"6": 0.3257394819033621, "5": 0.22156898769061179, "4": 0.1738012125665993, "23": 0.2788903178394268}, "SSp-n": {"6": 0.32748091603053436, "5": 0.2183206106870229, "4": 0.21106870229007635, "23": 0.2431297709923664}}