{
  "LayerProfiles":
  {
    "layer_profiles": {
      "source": "config",
      "parameters":{
        "patterns":{
          "1": [[2.63901951], [1.65523989], [0.39496008], [0.35151307], [0.35151307]],
          "2": [[2.79537253], [0.42533081], [0.32395444], [1.19008264], [0.44093799]],
          "3": [[0.3657142 ], [1.59477964], [1.37807183], [1.29581778], [0.41000484]],
          "4": [[1.89198394], [0.3657142 ], [0.05075849], [0.32395444], [2.79537253]],
          "5": [[0.54048649], [1.26896218], [0.55806215], [0.47299598], [2.12721649]],
          "6": [[0.18222437], [0.18222437], [0.15311909], [1.11373401], [4.1838843 ]]
        },
        "keys": "int",
        "values": "array"
      }
    },
    "frequency_per_module":{
      "source": "config",
      "parameters":{
        "patterns": {"anterolateral_inter": [0.65182879, 0.39782101, 1.94521401, 0.69105058, 1.23548638,
        1.07859922],
                     "anterolateral_intra": [0.47807651, 0.0        , 1.86785332, 0.14202507, 2.06243884,
        1.44960626],
                     "medial_inter": [1.01660377, 0.67924528, 0.46188679, 1.48867925, 1.53396226,
        0.81962264],
                     "medial_intra": [0.30610203, 1.33344448, 1.04334778, 1.04334778, 0.3381127 ,
        1.93564522],
                     "prefrontal_inter": [0.38051972, 1.13719789, 0.78393603, 1.782664  , 0.77848446,
        1.13719789],
                      "prefrontal_intra": [0.4042587 , 1.36055935, 1.14698872, 0.80279676, 0.53964723,
        1.74574925],
                     "somatomotor_inter": [1.72915921, 0.54525939, 1.40715564, 0.45080501, 0.98103757,
        0.88658318],
                     "somatomotor_intra": [0.55616487, 0.8788254 , 1.04758535, 1.28108969, 0.7132496 ,
        1.52308509],
                     "temporal_inter": [1.83321429, 0.94071429, 0.36642857, 0.66642857, 1.93178571,
        0.26142857],
                     "temporal_intra": [1.19365732, 1.99001615, 1.46850683, 0.36998972, 0.55322273,
        0.42460725],
                     "visual_inter": [1.62268066, 0.84814453, 0.70092773, 0.9074707 , 1.42712402,
        0.49365234],
                     "visual_intra": [0.63493889, 1.86254493, 1.71071172, 0.57109993, 0.31056794,
        0.91013659]},
        "keys": "str",
        "values": "array"
      }
    },
    "frequency_per_source":{
      "source": "config",
      "parameters": {
        "patterns":{"23": [0.97256858, 1.0072188 , 2.18532616, 0.4473028 , 0.82136763,
        0.56621604],
                    "4": [1.31581813, 0.78981759, 2.26653961, 0.35284509, 1.06751974,
        0.20745984],
                    "5it": [2.74452823, 0.31561523, 0.70406474, 0.88615045, 1.0892036 ,
        0.26043774],
                    "5pt": [0.25665693, 2.86033328, 0.0061845 , 2.50575502, 0.0        ,
        0.37107026],
                    "6": [0.23280757, 1.36561514, 0.68706625, 1.06656151, 0.02176656,
        2.62618297]},
        "keys": "str",
        "values": "array"
      }
    },
    "layer_profile_number": 6,
    "layer_profile_layers": [["l1"], ["l2", "l3"], ["l4"], ["l5"], ["l6"]],
    "layer_profile_split_23": 1
  }
}